	1000 2
0	9.726100282863255	-0.6529984358896632	1
1	12.38744744853405	-0.4038307149104989	0
2	6.3947269841945324	-0.23291023120996968	0
3	22.241634514036743	-0.35201452723823945	0
4	9.632461282311342	-0.3955563176703997	0
5	7.478868316193156	0.8398046310559033	0
6	18.035128491872687	-0.7261408134942501	0
7	4.797084890089779	-0.8578523100175746	0
8	2.970504768520939	0.20688746988565357	0
9	21.036048669383355	0.8793363686184721	0
10	18.70217555077443	0.25423357672220703	0
11	14.841400114256038	0.6954856173354294	0
12	6.104531100227938	-0.5422893465385936	0
13	15.663909221537002	0.2818852512001007	0
14	16.0436190881634	0.12957892388553321	0
15	8.232718073310183	0.9759547481552722	0
16	1.6961921950127365	1.2020317904181932	0
17	22.130348714482786	-0.3026552070708588	0
18	11.55997349849653	-0.7984912815071695	0
19	19.198215354841306	0.5008945376419607	0
20	6.3809170110700375	0.19222009187440695	0
21	14.86318101791039	0.6129021537791459	0
22	10.776797805173123	-0.5685062785589641	0
23	9.60323657251453	-0.13430885521158767	0
24	3.184654686439969	0.18950082589985295	0
25	6.139090837233685	-0.04215159659858268	0
26	1.9940714731683193	1.1301671260393842	0
27	7.61165940143523	1.2040966796238708	0
28	18.641074812317918	-0.2610129251675751	0
29	15.457031067289982	0.4567267756405809	0
30	16.899534148824486	-0.3888377232273931	0
31	0.210689768402386	0.708882468497845	0
32	17.04947289911387	-0.7828184096411166	0
33	12.646310086702185	0.501668165539858	0
34	5.803362333543198	-0.7886149827368081	0
35	4.395628702048865	-0.5821504662323135	0
36	4.649129004909926	-0.9792807304652662	0
37	21.218568237308887	0.25125152019591335	0
38	24.69517490858559	-0.3824336833235782	0
39	22.964781541570908	-0.5828599049286387	0
40	8.730345752999787	0.465942323579834	0
41	19.609182461668578	1.172933595067727	0
42	13.733901821344254	1.257091508569363	0
43	20.51943550592777	0.6763168025152314	0
44	12.157384289587641	-0.14540689502300164	0
45	14.827093317705339	0.7992860488435611	0
46	19.786088505455947	0.6675881484465513	0
47	2.5191713472639634	0.5038461937973001	0
48	13.496460905533427	0.6904251660693925	0
49	9.198164745868738	-0.07938913213017926	0
50	15.187887524673316	0.3848650912050574	0
51	24.097335514948906	-0.6868971851910153	0
52	9.872717425311718	-0.07662370197825141	0
53	9.876488667140313	-0.0719207132997508	0
54	19.870874965739233	0.7094574409758957	0
55	16.212588476449923	-0.5127913176809419	0
56	9.899384843559641	-0.6718316448052616	0
57	17.315328945390075	-0.7418307936690681	0
58	10.15366789634954	-1.0780802623621812	0
59	3.4208966835426775	-0.6165058551509277	0
60	11.32590065800055	-1.104898209726534	0
61	8.404876058525694	0.9149250379417064	0
62	5.47815671512794	-0.8011374551900062	0
63	23.2672585255967	-0.9486273017314725	0
64	17.332528558195346	-0.9866711419793188	0
65	15.050010486389114	0.6698182133856567	0
66	18.765549033356468	-0.34252386003820784	0
67	13.621218448955364	0.784985222786959	0
68	17.606316436304915	-0.8024281237843389	0
69	23.387519135049274	-0.9147690662769309	0
70	21.67992216257213	0.5795530188355515	0
71	4.20827287556733	-1.062157836415606	0
72	6.613404995456257	0.5508162083403203	0
73	1.7997626225270826	1.3405577211677326	0
74	24.596730359628623	-0.546357970712074	0
75	5.940980382215046	-0.2690824470060902	0
76	16.60264753567025	-0.7237141872291393	0
77	2.2526651622930656	0.9103138981992218	0
78	5.297251546006223	-0.736807690466956	0
79	12.63735511445789	0.4382968292929939	0
80	2.637773387140813	0.6111149893567983	0
81	9.77345460065769	-0.125528953304131	0
82	13.521106154498744	0.8990426401950636	0
83	8.525131002415552	0.5226648361039372	0
84	13.971296155234116	1.0946150407886281	0
85	13.490459335153329	0.7405829866646395	0
86	9.817112585975266	-0.5411185478494801	0
87	17.49917582387824	-1.1993991922228395	0
88	17.052123944555625	-0.9920271494539451	0
89	17.27381219890969	-1.1518537871453833	0
90	14.111814509591994	1.5095967107466552	0
91	8.999529818088831	0.8117398111455139	0
92	15.409193668914298	0.22761196241504583	0
93	23.517617446990883	-0.8217284062626108	0
94	15.001444839858536	0.938430158668978	0
95	24.61978636237052	-0.5339637982863087	0
96	11.083705270887778	-0.5340606358873699	0
97	18.588476063366706	-0.02759637387949085	0
98	0.9450885512965267	0.7851215204611353	0
99	19.219676728706727	-0.08809672123569245	0
100	13.025836841964976	0.20198095359989326	0
101	0.13361904714535935	0.2128949307814838	0
102	6.966798502074658	0.5220324479303112	0
103	13.441800100698142	0.7626304154318945	0
104	19.301012293105927	0.23944807242836558	0
105	1.3343624626693416	1.0339101592997217	0
106	13.799218125031748	0.828861215643078	0
107	20.13118889649228	0.5703063128186148	0
108	16.325802824821157	-0.6646862806167647	0
109	23.40981679607896	-1.1314572908268197	0
110	1.8782060692041855	0.565206144844794	0
111	6.956905194977446	0.9796917090820866	0
112	23.10295832220326	-0.915514684869879	0
113	19.22667643081453	0.2865283344890514	0
114	15.073118882039656	0.7806459295473379	0
115	20.93477281082293	0.8499291596091053	0
116	22.52002920343179	-0.3127438162553473	0
117	24.44712891615765	-1.0033107342136103	0
118	25.09555751625671	-0.2963391114011612	0
119	3.509770566245513	-0.22360915301972384	0
120	1.7729149562880626	1.3526178121181727	0
121	1.8464184129726722	0.9697589673609135	0
122	0.37055188141869855	0.4162384770951791	0
123	24.424502415028392	-0.8563581202849754	0
124	2.3817523883631093	0.6813216855973808	0
125	21.15515383521163	0.5647296136803407	0
126	17.22027562818665	-1.0383498291764108	0
127	12.25364812455507	-0.12708019022694017	0
128	8.713392738506354	0.1531926590138078	0
129	8.888138318463925	0.5645073178989788	0
130	6.379666943818937	-0.10480337658005058	0
131	22.896378987678915	-0.9482130104309222	0
132	18.23738632047102	-0.2901012273083792	0
133	0.651586241196428	0.6803083409151103	0
134	11.599294229413516	-0.5898220650580441	0
135	7.069872089976855	0.2670737064230767	0
136	0.7279996615920006	0.5628234960119716	0
137	22.23448111940785	-0.3543551084837898	0
138	19.377478147430388	0.3563821152603009	0
139	8.287146420676947	1.0177005187602959	0
140	20.019700854073548	1.1447875040308495	0
141	8.159050944853202	0.6771314192223937	0
142	7.73792978933433	0.7526078980177178	0
143	23.32592530198299	-1.2852657872762947	0
144	24.552581100337758	-0.26125620252319387	0
145	13.15837999237245	0.42934584202178994	0
146	23.924740233001295	-0.9602536406599264	0
147	22.317786093862996	-0.4039128227263164	0
148	13.01957831860237	0.19693751316573718	0
149	9.368199186430852	0.14986383631907865	0
150	17.85315779754208	-0.7437627112559789	0
151	11.45156828409577	-0.6624923643434801	0
152	15.210659081415164	0.4207029799021961	0
153	24.8916226577541	-0.3130608432548031	0
154	19.450636842856028	0.41915382952540914	0
155	8.401282385576089	1.2259676689848946	0
156	2.236769253745158	1.0382078056700272	0
157	4.6471843522106555	-1.007971233282877	0
158	13.241231862654306	0.7870323877973162	0
159	10.482927140152347	-1.0179101110342244	0
160	20.122772000036278	1.4696674676064032	0
161	23.453932879680778	-1.142063933115716	0
162	4.470228683972454	-1.0657444394246667	0
163	21.615835591851333	0.27380586499281556	0
164	24.06195893705603	-0.45226709166717177	0
165	24.11412647851693	-0.8144816030438151	0
166	0.9515906194272284	1.085444352681101	0
167	1.4472313454926815	0.9648513165562408	0
168	0.1457043760014819	-0.1580543647724823	0
169	7.858534584752062	1.193859678805518	0
170	1.399853793543682	0.828810732579734	0
171	7.385569804159191	0.5626557961431145	0
172	8.94767021657943	0.3551929454359936	0
173	23.968517721080723	-0.7605672650997412	0
174	11.987084113658693	-0.1063557171302335	0
175	6.992894773256944	0.3047439300396579	0
176	12.641899403916643	-0.47430749793605004	0
177	16.169348237652	-0.21264943700477487	0
178	2.795908701452075	0.4138530633999101	0
179	19.05216748927257	0.06035993300348921	0
180	21.411732610664462	0.6521257986012376	0
181	21.218313252940245	0.8805287142643302	0
182	22.3808777814187	0.09807924500310877	0
183	9.596746147816146	-0.2037073183709996	0
184	11.154041206505724	-0.6675203279386905	0
185	2.5530209485862714	0.442234642007664	0
186	5.675146949117508	-0.6986756881511228	0
187	24.411946004400882	-0.5540389600662627	0
188	7.153380559581988	0.48571295033886325	0
189	22.805352434880287	-1.0526690770976537	0
190	22.382020164189566	-0.14019613694661234	0
191	23.18506681197438	-1.4205868554954306	0
192	3.924466596067574	-0.6769825728273302	0
193	22.10982898579363	-0.1995875697635091	0
194	15.883765547846695	-0.2681531558619201	0
195	5.29366350367608	-1.1688398248328178	0
196	8.673708980080193	0.17344492293295344	0
197	4.019197531224571	-0.9344377337039901	0
198	11.167687256551313	-1.276529590487585	0
199	2.1054942364457823	0.7540678518753207	0
200	4.154906841562205	-0.8265808530364308	0
201	4.9560847469954865	-1.15589290770246	0
202	17.367411357313813	-1.2642043309037105	0
203	14.421239027028944	1.0324324705331527	0
204	21.949004336798495	-0.1483269088622838	0
205	6.148324669450134	-0.37433517116512793	0
206	15.823773851758544	-0.19034019805245062	0
207	0.8653520811405816	0.8326964494457478	0
208	12.973482344912615	0.923145884497261	0
209	21.695247786691148	0.6949919961308151	0
210	24.733797763772543	-0.7042902271818208	0
211	0.2481349348532116	-0.08546585907418508	0
212	6.354599540922222	0.08753289025387698	0
213	5.625955838475606	-0.471676068436304	0
214	1.1947500543621195	0.8971975011818045	0
215	0.25566171088766304	0.7959688657656063	0
216	12.319951934165065	0.05033516021053561	0
217	1.1430909976583734	1.3199342789467807	0
218	6.995148889248048	0.548853964777732	0
219	16.084315238374817	-0.5917501093518771	0
220	7.406418822712918	0.6339324472289564	0
221	6.777161825337816	0.44568537955252036	0
222	14.842052927067133	0.44709795247635925	0
223	9.563864491219011	-0.2970865378141333	0
224	17.656329619765998	-1.0372556552189176	0
225	12.468954884132033	0.13880945534514572	0
226	15.914284621140931	-0.32307955693124774	0
227	8.88176867488385	0.16494872280682266	0
228	7.2142012199965615	0.6903585561344667	0
229	3.3478599197308943	-0.15766199885332163	0
230	23.551398821660182	-0.8597148760076121	0
231	20.227731049511572	0.7510910618245419	0
232	23.575228640300264	-0.8380679934818974	0
233	4.659120754817258	-0.6518751850316307	0
234	23.452762313123397	-0.8716663453625064	0
235	23.518043222869515	-0.9393375116768848	0
236	7.126250887223457	0.6346578269677674	0
237	6.902311498180497	0.4276250137736984	0
238	13.858987046477806	0.4540705752401185	0
239	4.656826505515878	-0.8464701562439766	0
240	11.111212810311487	-1.0818485343292787	0
241	4.65754044046707	-0.9603508233597627	0
242	23.81015379225636	-0.8440352826657196	0
243	12.411167329083924	-0.35118163696971244	0
244	24.22589581443125	-0.5333147795754398	0
245	16.20915216286623	-0.45219090751017604	0
246	12.172182996609633	-0.009809423969332765	0
247	24.320834205003727	-0.6833663294504503	0
248	3.598751730283004	-0.36174452861837647	0
249	15.892183111180962	-0.2515239178572621	0
250	16.635069071140975	-0.4307828385525558	0
251	10.903584110541356	-1.5216450819706413	0
252	1.4918097844987421	0.8636741942651337	0
253	12.38346963264691	-0.25814642714151137	0
254	11.690091039133135	-1.1509682611339014	0
255	20.27575883229845	0.7908889094481368	0
256	6.450594243994831	-0.3764026060085205	0
257	9.837718021946914	-0.353707183327206	0
258	6.036185934424993	-0.5958023908428532	0
259	17.2522047216847	-0.9071823216466803	0
260	24.878484679311814	-0.31697135312913693	0
261	4.459290636441367	-1.1763196079269496	0
262	20.64520835528175	0.5863805479332331	0
263	5.805375687219757	-0.6305471744799142	0
264	1.457091115022222	1.0711984792864113	0
265	3.488839626313626	-0.3716721910501919	0
266	23.502961262156603	-0.8317000195701867	0
267	22.33149875447319	-0.5308997720285963	0
268	7.269909180662829	1.2357222982742568	0
269	23.819909019209593	-1.026399714960953	0
270	21.361084204357333	0.37789791280946106	0
271	10.92406646322523	-0.6699045969348569	0
272	11.76336834467587	-0.38005293671176665	0
273	15.829933003582514	-0.14420987361092183	0
274	3.971773214045028	-0.8591287441213464	0
275	0.3715143609094894	0.5905455566020026	0
276	6.673044828248417	0.15652423909520116	0
277	0.38814080524897804	0.6122660584123351	0
278	16.952004909399637	-1.2938841113753756	0
279	13.859923546185076	0.9409652710253187	0
280	8.08389961013173	0.9766239681208295	0
281	19.608623444872165	0.9902701183135523	0
282	3.6639875176381094	-0.9562619283524306	0
283	6.154521725925676	-0.06969970485526257	0
284	7.346646138926469	0.8438645420435928	0
285	4.924306909798257	-0.9769022329863367	0
286	2.210140183200667	0.5814610447081826	0
287	21.864886213915135	-0.19954656205698879	0
288	2.2164224084599207	0.682938945595619	0
289	17.183514945605342	-1.0558836024067952	0
290	3.026004081775945	0.484127222232095	0
291	0.268895277427773	0.2935119855634835	0
292	14.005678221458686	0.9902987424247384	0
293	22.798137151080756	-0.5476209480330181	0
294	21.62563475870332	-0.04553444475808127	0
295	8.506211055545531	0.9753742174320228	0
296	0.6825758295218223	0.8596378659072775	0
297	20.12779093308137	1.1842942862074861	0
298	20.25661073748225	0.9033757683558765	0
299	21.827487087254614	-0.1458806476662769	0
300	16.83005470936287	-1.1472418036461316	0
301	20.30169711659332	1.0548322023581134	0
302	22.556592082335985	-0.4015991331633999	0
303	11.405990707507538	-0.5978173105522071	0
304	14.019679009098063	1.373464739439108	0
305	12.720462688639131	0.37129506492621756	0
306	17.391452406845332	-0.985174682675686	0
307	17.163321587456256	-0.9271144399609436	0
308	13.076907967926317	0.4298180563157227	0
309	20.82167558206766	1.1842619702806556	0
310	12.711622447009558	0.2933095023549429	0
311	20.730956798720662	1.0061138906403888	0
312	7.083539666889438	0.4037027961322746	0
313	4.4860644478865135	-0.7128323942060997	0
314	24.37550606982317	-1.0686363494976239	0
315	18.646974100645664	0.10674652463847778	0
316	6.529277401190411	0.4897730370897039	0
317	14.608037450789551	0.4944065035389459	0
318	24.008359023737587	-0.9141171272377255	0
319	2.0295670682487534	0.5862489824085575	0
320	2.0994436098289153	0.8273352944648307	0
321	15.560555503762684	0.28566699883572727	0
322	5.642136511118884	-0.6321958725565859	0
323	19.231170376950075	0.03145226685702873	0
324	14.279230840378144	1.05513270378749	0
325	16.743132881241173	-0.7950770094466624	0
326	2.709658869529202	0.41181906272363805	0
327	2.1182641217217397	0.5925605949808148	0
328	15.711006046341836	-0.09048818920543561	0
329	10.297669759397758	-0.6990586549989497	0
330	2.1928951040270883	0.7738947463542812	0
331	9.325854109399254	0.6269181165025771	0
332	16.892831516235233	-0.8624296258572068	0
333	4.76485106924059	-1.0503145137268413	0
334	22.51212789568249	-0.3770802847155218	0
335	23.872243498755807	-1.228600526196411	0
336	24.166953881647927	-0.7173081903092112	0
337	18.34897599928678	-0.07573583073265333	0
338	10.211141917313268	-0.9287321998276258	0
339	18.692456090962434	-0.08174565946842056	0
340	7.23789971407848	1.0079270201920776	0
341	7.902166688199012	0.5755021478539759	0
342	15.227836457910481	0.8716138843683056	0
343	14.950139074586092	0.4260931653621145	0
344	22.0831589455183	-0.17564411451646528	0
345	6.398814908653428	0.21054015283950375	0
346	19.256413915097266	0.3375750445977658	0
347	23.650242927750337	-0.7953700946326754	0
348	0.025960429193536774	0.06368886755688845	0
349	11.965424604555654	-0.42298517345129905	0
350	16.513224566210482	-0.7022683712239464	0
351	21.195024107610443	1.0826510045696653	0
352	4.61787509219645	-1.499411388572248	0
353	21.5176285789133	0.5470453518395894	0
354	9.15750331792447	0.18895004749912264	0
355	22.425289769629774	-0.6603895753236046	0
356	0.696471993492891	0.4386128127486828	0
357	2.1460882700669055	0.6960385032072747	0
358	24.665535274954056	-0.3057908036462864	0
359	15.318454178870786	0.15570171230912988	0
360	10.496245701223222	-0.9187001510061295	0
361	4.2528163161350765	-0.827429913071536	0
362	16.333797504848846	-0.8747215173959805	0
363	0.9292848249899115	1.0792793431381822	0
364	7.831711850276123	1.605149364599574	0
365	8.129918950800038	0.7936659225754781	0
366	15.26667992118396	0.6569620202153492	0
367	16.357173557591864	-0.6819774115755216	0
368	21.263671307977187	0.7983295031232446	0
369	23.312651798994704	-1.0145133676174243	0
370	16.599113160557113	-0.22562958236621244	0
371	14.531095476555903	0.8423253889146416	0
372	10.020814581895628	-0.36288432713219504	0
373	24.29362164602137	-0.5922136474720415	0
374	3.8724319543978676	-0.9384848597493864	0
375	22.495985139005814	-1.0237317520025233	0
376	7.816610953899533	1.1440736013358197	0
377	13.785034357353485	1.1497689288942574	0
378	17.142194774032067	-1.1248658629441548	0
379	5.943130555225517	-0.491882376185488	0
380	4.215682699931506	-0.6349560781507078	0
381	12.779546862984224	0.4247736686704218	0
382	19.90170987343957	1.1074621185027425	0
383	17.4022735006673	-0.9270313410368882	0
384	2.990126096286439	-0.046181054586103665	0
385	22.63812100518043	-0.9072667813354847	0
386	12.05712013034133	-0.9858071102977155	0
387	23.792580006592463	-0.9879418485335363	0
388	13.909306126388184	1.453944042680762	0
389	2.1313022395135715	0.9664599077544636	0
390	5.088451083988875	-0.9500531386610894	0
391	21.469341921052358	0.11826062098306223	0
392	17.741889835168234	-1.0616409621878176	0
393	22.49228337535681	-0.47918641668086576	0
394	8.2723412895634	0.8582017102355576	0
395	13.270122470095334	0.8741676464608774	0
396	16.346287959365053	-0.6355025384943388	0
397	14.93615823778778	0.8712564530946094	0
398	5.817298062821766	-0.47777022801563973	0
399	10.727190526574871	-1.0116425307478123	0
400	6.235721222102826	0.2673371168091098	0
401	21.252622024887813	0.4852047251913809	0
402	24.797908900595807	-0.399374031183814	0
403	1.6731067685140413	0.6715864998012762	0
404	17.94296849089362	-0.7632198580399813	0
405	8.296708748994797	1.1709619646176037	0
406	15.718905518386805	0.1594084454520508	0
407	6.487505678861086	0.3864046678518211	0
408	16.36160578267698	-0.3448215375030412	0
409	9.327946144869175	0.2529851112534863	0
410	7.409656874225652	1.0924659801261698	0
411	22.915107906421753	-0.6970630011658434	0
412	23.68758031428563	-1.2359653834112643	0
413	15.420194048409153	0.41533765857761945	0
414	5.390163237515279	-0.5424987294587885	0
415	23.610171387859268	-1.2218147422025738	0
416	18.860954793971196	0.07039612084135172	0
417	18.876945766972007	0.2980896887942254	0
418	5.321137521345832	-0.9137334098208254	0
419	20.86410915136882	0.5728684253312861	0
420	6.034249379802931	-0.23098933323935822	0
421	15.874360745062509	0.2327907226502882	0
422	17.862833691296878	-1.0624593665753068	0
423	18.658130631317	-0.21660586130917323	0
424	9.808421831403475	-0.5620596700136274	0
425	19.096495074673932	0.15469528888663087	0
426	22.693254374144292	-0.5871340413542588	0
427	14.763475336066772	1.1794002894421658	0
428	2.272243989119369	0.5847477699938074	0
429	3.241520034167105	-0.2769249083126791	0
430	2.6455358436968885	0.2578357353699764	0
431	4.341114638786882	-1.2053133784905865	0
432	3.1775548489671324	-0.41962945940327706	0
433	19.56083486815085	0.43998759225290474	0
434	0.990519337164118	0.8098575035119967	0
435	6.071025194646686	-0.20035572206174823	0
436	22.093348388202973	0.19109030038254451	0
437	24.467197610675232	-0.8228869448362076	0
438	15.21591465437502	0.27744792741449886	0
439	24.535543680769322	-0.751536605791137	0
440	1.092056353911372	0.9365125525452433	0
441	23.840233924203183	-1.0011449738846254	0
442	7.823723885884617	1.1938444680419045	0
443	20.080377645582008	0.7454779331747817	0
444	20.37333148939893	1.2272094409275869	0
445	21.61412205925104	0.6037857499211654	0
446	11.524638870631518	-0.9288965029301508	0
447	23.389644684252087	-1.140827367061972	0
448	6.481557642306684	0.2423661207607061	0
449	23.48517675608831	-1.1949382141262075	0
450	15.560173532132989	0.645303507850121	0
451	24.766932042464784	-0.32248323186123845	0
452	0.8204298359428012	0.9295491975117658	0
453	18.22542598413674	-0.9011682880144967	0
454	14.213928248620784	0.5593659009888379	0
455	12.375966158060104	-0.01743950602113281	0
456	6.51486207377337	0.3585814933091788	0
457	8.214151028351399	0.7456859477481408	0
458	6.2696690873710255	-0.1552097207206769	0
459	5.510803649961572	-0.8678290299932817	0
460	20.09766890025196	1.0053446388187006	0
461	12.626563677841354	0.29111975343424207	0
462	2.090789945467525	0.4816072979296103	0
463	19.527742637028954	0.7470683132810325	0
464	13.412064136157037	0.5298893141558139	0
465	18.58284192705125	-0.39629603692616816	0
466	12.953256320679538	0.33719733563196025	0
467	10.051737412998973	-0.9270487022269485	0
468	24.787085170627485	0.3721706378485179	0
469	0.7098144641754676	1.2579374251405344	0
470	23.44291392636884	-0.8048567090071895	0
471	23.394937026178233	-0.8220827735376292	0
472	9.824858817630147	-0.6503953632826351	0
473	5.390090108844153	-0.18467895823332514	0
474	15.56252758233737	0.14950284568659886	0
475	4.472932653242419	-1.002315941257483	0
476	20.18682370083195	1.2738543005420462	0
477	6.382053888985777	0.16390760356922607	0
478	7.308755842154843	0.6608593116173782	0
479	23.01947453761738	-0.9111663199098289	0
480	22.692775126766094	-0.7394823346209509	0
481	13.455589410663675	0.7927437348027485	0
482	21.68550882093348	0.4395177260227988	0
483	8.860109826472963	0.6683252225029507	0
484	25.07956734083285	0.272151639379821	0
485	10.89981199401558	-0.9964440605727561	0
486	7.4094340036494435	1.142322428693037	0
487	1.0448744636266178	1.291526984560617	0
488	24.874048761785286	-0.5623223975917604	0
489	11.683900528138755	-0.5941677034241937	0
490	18.462135068622395	-0.6458847043057188	0
491	16.1052521925348	-0.763688746130891	0
492	18.173319298000035	-0.22969676936916222	0
493	1.2845571198276906	1.2431834958286596	0
494	23.123263092833596	-0.7744691105498114	0
495	23.294060489647187	-1.083565882329639	0
496	13.873148177005792	1.3412393370244953	0
497	24.225848596558897	-1.1293847285982137	0
498	7.06118280795451	0.7187026362217394	0
499	15.133595361568343	0.6645986223923019	0
500	9.964194195934164	-0.19185347060974822	0
501	15.78394536932756	-0.457515936335972	0
502	7.555713512464753	0.18981152221357833	0
503	20.592722255140423	1.014023614307475	0
504	1.7539129391391741	1.0626377385818846	0
505	1.0524981376372673	0.9120835867733417	0
506	1.2414665526233277	0.7269475977090163	0
507	3.7813472945239632	-0.6080388218826467	0
508	9.936241152533146	-0.8744734842614811	0
509	24.01156937250857	-0.7954620332884978	0
510	2.784593115200535	0.5726116282343818	0
511	16.274781624408185	-0.7199586642985352	0
512	13.260574838739453	0.1387885964640002	0
513	8.877949980582091	0.4875349516655575	0
514	4.9812899422357875	-1.0136885421194082	0
515	5.544133975655805	-0.6937387950523857	0
516	1.1013546642241479	1.2177148754418625	0
517	17.923765591070254	-0.764447292166889	0
518	16.432796531333132	-0.14197991926268327	0
519	11.153151365672425	-0.8924245374586535	0
520	18.068920113269275	-0.975539699392022	0
521	2.7639976568448974	0.6520893219551671	0
522	23.592586070717736	-1.0221166880182266	0
523	21.303182741863612	0.5127743090404818	0
524	16.563372694880336	-0.6849891886078976	0
525	9.52106573134826	-0.06744310065998071	0
526	10.469463804821286	-1.25441536800282	0
527	12.117849757995238	-0.6460128622764988	0
528	23.506244967001045	-0.7104475171379843	0
529	21.7044582629009	0.32676114980853266	0
530	12.011536429392791	-0.367055878266515	0
531	13.93656992376267	1.234985955269058	0
532	22.001298741286785	0.4380032760372848	0
533	23.85761737162481	-1.116380537304391	0
534	16.064465066578137	-0.5248468935720825	0
535	18.812367509253203	-0.2683072397226235	0
536	8.837297781129324	0.4041528021937799	0
537	23.072568184228235	-1.1107727117770911	0
538	21.02987274157597	0.8161724342993821	0
539	13.874677606614034	0.9386888328131833	0
540	21.805850142253128	0.3295494337542093	0
541	21.359610073803868	0.2927244032048945	0
542	20.317593431939308	0.831268826212808	0
543	3.2846689360298815	-0.052723367224295076	0
544	13.471214010923347	0.9609904080216994	0
545	22.639148925127834	-1.1827476354843265	0
546	19.373116928168685	0.34944963516848326	0
547	10.573675962606425	-0.9757183311104957	0
548	24.576814878953325	-1.0380189239068365	0
549	6.302616853771409	0.1316054129647693	0
550	8.384539552887722	1.1635567711972739	0
551	23.981674433539595	-1.3989740462997684	0
552	20.325233573633742	0.6042474366060036	0
553	22.62801235122957	-0.3566314249409087	0
554	0.29127815158599024	0.5710115791543996	0
555	9.544521223314327	-0.4376512215501219	0
556	5.919312389157275	-0.602801412100912	0
557	7.4376590795936455	1.0794369813874831	0
558	18.547849839077273	-0.3579055915351611	0
559	18.19823703360544	-0.7365649320906471	0
560	11.606285076107767	-0.4207062782924057	0
561	9.180348510977405	0.31645253290188824	0
562	14.694903008244676	0.3935932980930652	0
563	13.41353888898357	0.8127369809147014	0
564	13.83757358236646	0.6041421658290939	0
565	15.468625960534172	0.42257302073467756	0
566	9.943725644489806	-0.2504682282170487	0
567	19.395400919966942	0.628780986076354	0
568	6.313424602950423	0.2621896506721162	0
569	16.48106568766093	-0.2072892808024045	0
570	24.13741300301277	-0.6572676493218184	0
571	0.0893408748824984	-0.00376791295000152	0
572	18.18004594369754	-0.8939277997032586	0
573	2.7393439829691113	0.44760120248336704	0
574	13.666870311400753	0.6326743668583035	0
575	15.756118019365722	-0.4078224609980704	0
576	6.105927244258435	-0.29179364254893203	0
577	22.96740164002217	-1.2729839494365538	0
578	15.640419746995791	-0.25762627008733874	0
579	5.823122722894769	-0.3187150871513731	0
580	19.355532982852733	0.3658484900356095	0
581	2.6516821393707004	0.39388833486642316	0
582	13.954334254280997	0.9768535868444759	0
583	2.386506330442135	0.19680357886469396	0
584	14.601722356548159	0.9405767755198086	0
585	6.3580837090084925	0.07387090855942242	0
586	16.322881220968352	-0.5881931239759295	0
587	17.990693570726602	-0.6713882500336125	0
588	13.174221406770855	0.029872652301785707	0
589	16.52531539214488	-0.25137945367943537	0
590	20.44030375746391	0.923963196549605	0
591	20.29499696221884	0.6335998801596701	0
592	15.57430715038643	0.16114100461049047	0
593	11.337441448119154	-1.2599222793615792	0
594	10.25290150898597	-0.7200655259140349	0
595	21.984805571493638	0.14149351912401423	0
596	17.66660132468526	-1.2554516611792492	0
597	4.647924061437942	-0.7865662493176484	0
598	14.218399646000618	1.0294754876652232	0
599	22.840837102378032	-0.6638038808813699	0
600	3.7872525809333726	-0.5007086290631005	0
601	21.250176943420687	0.8031136493967361	0
602	20.613936341060263	1.2614114913990975	0
603	12.549810683781708	0.19855443823202235	0
604	0.94458521376876	0.9319814943599263	0
605	3.7071422987288094	-0.7269648656967247	0
606	23.188439561212846	-0.8594712593494327	0
607	1.1097310626756387	0.75612057860974	0
608	9.361915104082703	-0.2993666064824335	0
609	15.558162949875586	0.13889647097906319	0
610	4.949844097529533	-1.2001422783264872	0
611	24.657223663454204	-0.1740133064796454	0
612	3.920085170169375	-0.7116342286812252	0
613	13.563617558511295	0.8512959575588517	0
614	15.532318691221741	0.36854436283841707	0
615	5.805410606350602	-0.5643351852286786	0
616	11.719623158423593	-0.8132785253536932	0
617	12.340390303791523	0.06710593483518354	0
618	19.273353662255005	0.06530552885091617	0
619	15.941214025822436	-0.44788027170150696	0
620	11.750814495164711	-0.7615303786868818	0
621	16.762094352517487	-0.673274028409115	0
622	11.394617539724678	-0.8589850290623997	0
623	13.212573386121376	0.3127799286212358	0
624	16.551620169990137	-0.977022474306439	0
625	4.5539366464851865	-0.5638576673773885	0
626	19.80584544502123	0.8961252219317453	0
627	15.15165852411648	0.37344144812028046	0
628	24.63845272015932	-0.595474821026358	0
629	5.5890992566350315	0.2953790160178956	0
630	11.718554638855379	-0.4147692175570346	0
631	22.50993365835473	-0.9049439460582316	0
632	15.115670252265383	0.4435711747163777	0
633	18.2453358154173	-0.38741476815249554	0
634	10.396665190914215	-0.8948213647908512	0
635	17.19857664580867	-0.7120237454377967	0
636	23.776956253286215	-0.5359115776002228	0
637	5.031224587821581	-0.9477109547127461	0
638	20.2913022540846	1.0653694781450682	0
639	24.367147969512693	-0.7351304150771906	0
640	0.36615216543842594	0.5787250889558224	0
641	5.408806849817201	-0.39216365625135646	0
642	2.9500037644537835	0.4240177952825681	0
643	19.287456684228687	0.15329483807113542	0
644	2.0411954379786796	1.0799782326658391	0
645	25.0928696073091	-0.18454954128826676	0
646	9.792017974693879	0.07804964410456999	0
647	22.750226875715207	-0.5691821177228948	0
648	4.739472110283976	-0.7351010908751243	0
649	11.080326913069442	-1.0016754920578261	0
650	21.23243683404575	0.6799026191837355	0
651	14.960761358936873	0.7872831704754495	0
652	11.61529985090087	-0.821738211377815	0
653	12.884293426214628	0.7073226190810077	0
654	14.42331644229205	0.6737887526647015	0
655	11.066428702283028	-0.8261367640226001	0
656	4.864667196972963	-1.1350930089144955	0
657	2.864271991687573	0.48904122783895604	0
658	3.800772365149342	-1.0617476473642018	0
659	1.3192418113668227	1.2900582200099373	0
660	14.04106966985133	0.9180440148398651	0
661	21.305552879913765	0.3247159288364411	0
662	9.025653415408074	0.5677829236276705	0
663	1.8927686736649747	0.9006689269311612	0
664	10.699621481170205	-0.8872399813691682	0
665	15.130107221976882	0.8532065157358827	0
666	10.69155521811249	-1.226938699550488	0
667	20.375646972881345	0.8149066018533115	0
668	23.672183292299366	-0.9738281170258407	0
669	21.86324235662783	0.2694365956650493	0
670	17.693437215415983	-1.0911499970019674	0
671	11.819901176694884	-0.8773375727367919	0
672	17.15807324963987	-0.7998924150702623	0
673	0.3372389269438364	0.5767924703238494	0
674	24.692368315189945	-0.07695851494921713	0
675	4.3247750521839405	-0.9995974144393851	0
676	22.776808017540773	-1.3528502086247234	0
677	20.284884301710555	1.1216858128268483	0
678	20.10970363452653	1.1421185299651044	0
679	6.75910034738368	0.09144620673945525	0
680	5.507935889385972	-0.6772991812871137	0
681	10.776936853704912	-0.9073668257284703	0
682	21.347024081815213	0.6855873315646086	0
683	11.31927500892443	-1.0642384147128998	0
684	23.509671665477697	-0.9777757667611278	0
685	8.863798268536405	0.6821146161531046	0
686	15.567023019552098	-0.30356925870817275	0
687	24.64765510398327	-0.2385139415316528	0
688	16.171977061856573	-0.5390002547419743	0
689	1.143494890116817	1.1012129207129486	0
690	11.650460411626828	-0.968772360897172	0
691	8.413218897521263	0.41971880333314365	0
692	13.375181145693865	1.0187512075154748	0
693	7.156452776932482	1.176715850820988	0
694	3.072759861675417	-0.39635423393999997	0
695	16.795934220275765	-1.2087558404418777	0
696	17.124438403346158	-0.9645728082154479	0
697	21.793587636129057	-0.06606178035287408	0
698	3.327109821183523	0.005608085074324642	0
699	20.071517547951025	0.7405056789061366	0
700	20.778964758330037	0.806989568154892	0
701	16.249572226678172	-0.4626566011956187	0
702	5.150255261938367	-1.4502147122000746	0
703	6.570219166988607	0.20312803891749548	0
704	10.51797222025426	-0.38443746845360205	0
705	13.616895894207923	1.0144056562966748	0
706	11.999324590667511	-0.7869201206300906	0
707	11.748548501580883	-0.4681545158572003	0
708	21.10749924274101	1.288855277539662	0
709	21.868057589770856	0.4414475067769424	0
710	20.52726603421112	0.8481374538690843	0
711	22.061555904747767	-0.23474820854538242	0
712	14.351015453095295	0.8846021998783606	0
713	24.228870674345355	-1.0479903527842254	0
714	15.244122148320626	0.4546906161092572	0
715	15.17886229222462	0.2533351223607977	0
716	8.024827400811743	0.7666314788151131	0
717	17.120528483333246	-0.9073028619338064	0
718	1.306040201977421	0.8242508308056891	0
719	3.381520382543337	-0.28872862978592767	0
720	3.2733426946736763	0.4056753435852089	0
721	16.467004404542443	-0.5961712375284844	0
722	4.406588657949557	-0.6560255073908747	0
723	8.573954829780451	0.8613029361907073	0
724	1.1136733794694456	1.0480708037385915	0
725	5.8743851890683265	-0.7348024063821477	0
726	24.233600442872966	-0.9195355027244158	0
727	12.796068852788139	0.1621202296576629	0
728	3.7969167789957288	-0.7210729209211724	0
729	13.144638088494217	0.49584679570821033	0
730	23.712977192704663	-0.9486408517078987	0
731	21.757062575341838	0.1763009077007293	0
732	9.853690028440017	-0.24348345846602723	0
733	7.1343688221986	0.690111602234411	0
734	19.144359525243836	0.5615399266719148	0
735	6.044030304839058	-0.24015561618346373	0
736	6.389555981570985	-0.042498868992774	0
737	2.113320580470527	0.5435604512611918	0
738	21.71830991802935	0.07712026734754066	0
739	11.256927542908047	-1.0296188766655734	0
740	14.119228713759792	1.3003539520648417	0
741	18.515565860072503	-0.6457836006080473	0
742	20.017948589163368	1.18016048999906	0
743	11.24710625498888	-0.9914733184103395	0
744	4.62763022244264	-1.2042713964876277	0
745	20.82832830519867	0.5881528989552263	0
746	0.77906370298176	0.8398622661031833	0
747	23.793876613968962	-1.4497824031496362	0
748	14.501034910222229	0.8191489975527091	0
749	22.00091863801532	-0.119860390275358	0
750	15.294917648198354	0.36061942469597835	0
751	6.32489520622722	0.18699404228304617	0
752	7.442556737302725	0.7628916836457544	0
753	13.393804771088917	0.7662829254813934	0
754	24.17966276527381	-1.119663850437236	0
755	4.636880285487601	-0.9827275495881769	0
756	12.815143990813933	0.39830412681306665	0
757	8.640337441190066	0.6185063315840762	0
758	19.34530791199491	0.5678596682163307	0
759	20.17823564471642	0.9969907580223543	0
760	10.670354361713482	-1.0336527665613695	0
761	5.130157971316705	-0.9292007530556866	0
762	1.686142045619486	0.9445998356989783	0
763	4.992575425215989	-1.454565837184334	0
764	6.846180076784651	0.1589304305293172	0
765	15.049206924436456	0.7203469559593298	0
766	21.94298160806281	-0.4739384162108221	0
767	3.2227950035192143	0.20848230837213294	0
768	24.08190969379172	-1.2203294578541048	0
769	17.16995603359141	-0.9864554075692672	0
770	18.64759513626852	-0.08255666878830023	0
771	24.70248845123157	-0.5762843112339041	0
772	10.457753043281535	-0.5681796847541751	0
773	13.360149689826923	0.37029469103721613	0
774	17.070483316463356	-0.751697194100624	0
775	12.889958241356275	0.35510916884267196	0
776	7.517513156675994	0.9061300459985191	0
777	2.6486057091972475	0.7261832504562569	0
778	7.161125886178131	0.9042385386267984	0
779	19.323379678979265	0.15517274795493186	0
780	16.104625894826555	-0.033389603534428935	0
781	20.13963720223274	1.2118566864398548	0
782	12.996656514069905	0.4430825787055083	0
783	5.833309788243813	-0.3974315599347475	0
784	15.782404612323484	0.2596865690346982	0
785	7.640491312840262	1.3918404304241976	0
786	0.7421383054366384	0.8290300618954674	0
787	22.70318871077215	-0.9440349331231253	0
788	10.56503959314831	-0.8786801846329696	0
789	10.70983463400609	-0.7544484546760303	0
790	18.629688049434034	-0.4267252617643108	0
791	23.837359641620633	-1.2637792215206427	0
792	1.8225140014304981	0.969930630998142	0
793	4.340451757946546	-0.9035341056688965	0
794	8.101727357511804	1.0639251240945924	0
795	6.243582297956274	0.26798217838465815	0
796	12.453147146679482	-0.6585880601840222	0
797	20.72093005170802	0.980130939095634	0
798	21.462667721205396	0.45280259745719476	0
799	14.974839750083591	0.6731312550820302	0
800	6.036224302311275	-0.20259998751125255	0
801	4.687072475405436	-0.74324216745185	0
802	18.683441380084783	-0.025618448964937923	0
803	5.96183952656956	-0.32726871879631836	0
804	13.558884956907686	0.8596823112815634	0
805	18.83148013051811	0.00826454127447341	0
806	5.736525681985157	-0.5530780121605139	0
807	4.385693191369817	-0.616604437638812	0
808	0.9986667282563267	0.3626902958264292	0
809	3.7088094113355177	-0.8876607943071639	0
810	21.398993720361517	0.9575595270193563	0
811	2.629787293117054	0.6331654049631062	0
812	5.620813056323011	-0.4573287666527261	0
813	0.8232782245930814	1.0229250845262978	0
814	16.998696297123573	-1.4656267066542994	0
815	5.823335096313917	-0.08403003242423529	0
816	10.394693617852845	-1.1164540686761368	0
817	3.5010202917365856	-0.5974232464747808	0
818	9.480504476539016	0.20336301629328732	0
819	10.66727700677313	-1.2355217146721087	0
820	11.886905745350939	-0.495646527549317	0
821	10.627173867781567	-0.5760722387637642	0
822	2.5825541294016396	0.36797295018718246	0
823	19.41705991966482	0.39025894572361086	0
824	3.4483629807385694	-0.13397418291961413	0
825	10.663630449249133	-0.7213302576400598	0
826	6.835002599843934	0.6096669568680714	0
827	7.565154741216066	0.5632366674058078	0
828	16.899777274229674	-0.5264906270207035	0
829	13.013399741268401	0.5879122371568929	0
830	4.777408650642667	-1.587103192754323	0
831	11.790634477812002	-0.9251886704180406	0
832	8.533592792031703	0.5128085957940727	0
833	17.70594577992724	-1.1045595516180482	0
834	5.682392215791944	-0.5012837657835444	0
835	21.236868197564004	0.5059563755276785	0
836	13.225593994596517	0.9187398971406645	0
837	12.581942180307491	0.2927554180899825	0
838	6.37581973790668	0.11106467328300593	0
839	4.678602275750331	-1.2627360269659451	0
840	11.858106410560445	-0.6506696793042072	0
841	24.67593902523923	-0.33939051696928435	0
842	3.34029807883724	0.09321395151459497	0
843	7.12418796227742	0.6292384549762483	0
844	20.122307450323287	0.9758429548544147	0
845	16.70766576510076	-1.0904951489233072	0
846	7.005962951021464	0.5462247808958411	0
847	7.907956879314411	1.2906282316432942	0
848	10.554450807335662	-0.5052216879335361	0
849	15.149683711532598	0.4434842277837078	0
850	18.07895509235255	-0.7626011903559756	0
851	21.54630743592373	0.24014894404648585	0
852	17.11819833494305	-1.369537203824583	0
853	5.956008902214641	-0.22818037913687803	0
854	23.26589466471684	-0.8383236896286037	0
855	19.633581854248973	0.8572475722479994	0
856	7.725339206093364	0.998269962515895	0
857	7.664622555040026	1.114427903125473	0
858	22.146175326018547	-0.11306105443276077	0
859	3.168697822332828	0.28401291562579556	0
860	15.920607225374539	-0.11740101232361556	0
861	6.9796822411748565	1.0043682262469422	0
862	20.78981171603786	1.2006131418559327	0
863	9.161473479222423	0.3500266962919211	0
864	18.431500278201018	-0.7165594407569837	0
865	4.835989047544381	-0.8630531534231921	0
866	12.10005515851945	-0.36940770076003504	0
867	20.196535798879594	1.4547123635225128	0
868	9.97740199481344	-0.3393370867991311	0
869	4.060798532981731	-1.0779380770244458	0
870	16.31070226386693	-0.765116877123163	0
871	18.933142540459468	0.32447355108722864	0
872	7.042008999024598	0.6397902725910332	0
873	11.343960858866629	-1.2406472340983024	0
874	22.630749504679855	-0.4741849557276494	0
875	21.915389223881984	0.1990992114551775	0
876	17.773563196861698	-0.9096974256020373	0
877	14.850951858886932	0.971288372028842	0
878	20.543057086833247	0.9664227209419562	0
879	22.811598018058895	-0.26524853964152767	0
880	0.06302184824948352	-0.21139731200119471	0
881	9.983422657614957	-0.303056901165941	0
882	14.109764304193208	1.2473711139957109	0
883	18.44550026601719	-0.07643399443607074	0
884	2.1984302965579183	0.7781056198895283	0
885	10.046938660272657	-0.6860409341528309	0
886	7.027646745182068	1.112744587752145	0
887	10.643968572453328	-0.8021786302260003	0
888	12.515568112408742	-0.19706447206525665	0
889	16.58799181989494	-0.5626691166304458	0
890	12.471774469078342	0.302315503269705	0
891	15.594066726458756	0.2802457128602739	0
892	14.638310330152283	0.6955388046367676	0
893	10.765167319786961	-0.7287172883812556	0
894	0.12506968654795875	-0.2596398343910996	0
895	4.888730694271655	-0.7902872282359497	0
896	8.047670981890972	1.2258826730142571	0
897	3.6939632033939858	-0.5801989351829369	0
898	15.046064419394625	0.683897446484342	0
899	15.36865810838248	0.37040202439707937	0
900	12.568714483675897	-0.13160504833286876	0
901	8.063812417453043	0.7636660955297838	0
902	16.41816557710724	-0.7216575181487039	0
903	4.782345530271715	-1.1530570769210682	0
904	0.1478051848187355	0.5257277916381176	0
905	18.471107573695885	-0.7082969250620694	0
906	11.146467292514012	-0.5388342819745789	0
907	17.53867376012111	-1.025264780495875	0
908	4.6506466225213705	-1.1908541743882473	0
909	1.5738072790553315	0.8639339893932854	0
910	9.502905267974068	-0.3382885633879455	0
911	17.492300193117565	-1.485328544207165	0
912	2.584107422788596	0.733051157936045	0
913	4.921851118677944	-1.0165547270817892	0
914	11.409074492757908	-1.1253325658656057	0
915	15.611181848998491	-0.22982783483235186	0
916	18.85267861610473	-0.13758457161793822	0
917	2.757941893700307	0.061433470779113375	0
918	15.698503483991352	0.3341025483129836	0
919	9.735431765278458	-0.7797506937870888	0
920	16.84120783759509	-1.1453449578806927	0
921	5.116030296196751	-1.1403923283104218	0
922	13.268046528116018	0.7642929396707494	0
923	4.326916942982457	-0.8631773495884313	0
924	0.46950488959903725	0.41624652653631716	0
925	12.238394534633946	-0.3651838989505537	0
926	4.6288923983856325	-0.8969982381361002	0
927	16.0433177280535	-0.5279636386758614	0
928	13.485596084329396	0.9160483388811418	0
929	19.47650170187415	0.2559835154873023	0
930	9.876159546167786	-0.3011327840902547	0
931	24.867644362511513	-0.38881705244234405	0
932	12.948757635874145	0.6552307886041706	0
933	12.03414463624925	-0.8132903197160901	0
934	18.835543683225595	-0.12738755951234892	0
935	14.393226680034633	0.7621690952470553	0
936	9.109747024086825	0.5449006118447101	0
937	12.296062590469576	-0.6198516552004703	0
938	4.753565833758418	-0.778115404372217	0
939	9.891830103438476	-0.33445179959360716	0
940	0.7530209729458105	0.825339359887076	0
941	11.624623184342838	-0.9806273070415951	0
942	6.898286851074194	0.6958765869878636	0
943	13.237813419454836	1.059796693401086	0
944	0.7356886524400549	0.4982707255499712	0
945	13.950852062487808	1.0459909206545746	0
946	7.363839989793633	0.8164958751064028	0
947	14.513923847909817	0.6547760804176479	0
948	18.41651510222384	-0.6258397699533444	0
949	11.06689665409107	-0.8662449017023467	0
950	16.666948823551444	-0.8299549819242242	0
951	6.004462072717818	-0.8883583468858371	0
952	25.097532484677988	0.0978705748922644	0
953	6.104203033883291	-0.2574255288412719	0
954	23.645597079276254	-0.7670664184852178	0
955	5.459327776344244	-0.8946806143520629	0
956	12.50515692290565	0.5155563490114546	0
957	20.63842816163346	0.7391282223454912	0
958	18.009821947684767	-0.5529089833887734	0
959	17.73316991388122	-1.167384968640772	0
960	11.069478620501522	-0.9485314138548795	0
961	18.95448575592659	-0.1821401250270697	0
962	23.12095519354826	-0.5906174759425479	0
963	11.092379205866157	-1.000594016737719	0
964	13.26921989095509	1.0200866118656964	0
965	1.6596552449774353	0.9717331820437268	0
966	9.82119853971641	-0.7922087303662575	0
967	11.74298597973082	-0.9442300394553084	0
968	22.497264449693525	-0.5828259676730827	0
969	2.778611536849493	0.7004375353876038	0
970	18.37549218378498	0.22585989821022373	0
971	13.709185726861575	0.8812662026779498	0
972	15.243898021221563	0.5270913182633389	0
973	0.7485270278376148	0.9930883201747513	0
974	3.6881639215201325	-0.8050881645475143	0
975	7.137276918938409	0.6750737013639281	0
976	0.12244792047188821	0.2895403367475896	0
977	16.817769773214472	-0.8073293156320596	0
978	21.871967832506847	0.09781816823137447	0
979	13.746812977223682	0.6804242514275767	0
980	13.651201451043423	0.9102719112518642	0
981	15.474880431643772	0.40919741442168683	0
982	7.594649454056251	0.7869562069543494	0
983	9.216979995379528	0.22492501198706022	0
984	14.449811387782004	1.4739587589268197	0
985	20.337830996555514	1.1159312181860928	0
986	5.066676045161101	-0.7896131683272207	0
987	8.231577341815346	0.6705066101678594	0
988	18.671647539360123	-0.3146902707109268	0
989	8.568260401073344	0.6761993549831733	0
990	1.1965931508408054	0.7211298292934109	0
991	3.9296782277374027	-1.011279626501367	0
992	4.872355351165188	-1.3786763517927878	0
993	12.443530887389468	-0.17450098572714123	0
994	15.962431295008411	-0.04352591639723516	0
995	22.122340911783002	0.02337881511282877	0
996	22.68321772201884	-0.46906126209311283	0
997	7.719792109950157	1.2190318024966837	0
998	18.93450642473825	-0.12985742308806125	0
999	7.098190607775215	0.556911554496902	0
