	900 2
0	-5.0	-5.0	0
1	-4.310344827586206	-5.0	0
2	-3.6206896551724137	-5.0	0
3	-2.9310344827586206	-5.0	0
4	-2.2413793103448274	-5.0	0
5	-1.5517241379310343	-5.0	0
6	-0.8620689655172411	-5.0	0
7	-0.1724137931034484	-5.0	0
8	0.5172413793103452	-5.0	0
9	1.2068965517241388	-5.0	0
10	1.8965517241379315	-5.0	0
11	2.586206896551724	-5.0	0
12	3.275862068965518	-5.0	0
13	3.9655172413793114	-5.0	0
14	4.655172413793103	-5.0	0
15	5.344827586206897	-5.0	0
16	6.03448275862069	-5.0	0
17	6.724137931034484	-5.0	0
18	7.413793103448278	-5.0	0
19	8.10344827586207	-5.0	0
20	8.793103448275863	-5.0	0
21	9.482758620689657	-5.0	0
22	10.172413793103448	-5.0	0
23	10.862068965517242	-5.0	0
24	11.551724137931036	-5.0	0
25	12.24137931034483	-5.0	0
26	12.931034482758623	-5.0	0
27	13.620689655172416	-5.0	0
28	14.310344827586206	-5.0	0
29	15.0	-5.0	0
30	-5.0	-4.310344827586206	0
31	-4.310344827586206	-4.310344827586206	0
32	-3.6206896551724137	-4.310344827586206	0
33	-2.9310344827586206	-4.310344827586206	0
34	-2.2413793103448274	-4.310344827586206	0
35	-1.5517241379310343	-4.310344827586206	0
36	-0.8620689655172411	-4.310344827586206	0
37	-0.1724137931034484	-4.310344827586206	0
38	0.5172413793103452	-4.310344827586206	0
39	1.2068965517241388	-4.310344827586206	0
40	1.8965517241379315	-4.310344827586206	0
41	2.586206896551724	-4.310344827586206	0
42	3.275862068965518	-4.310344827586206	0
43	3.9655172413793114	-4.310344827586206	0
44	4.655172413793103	-4.310344827586206	0
45	5.344827586206897	-4.310344827586206	0
46	6.03448275862069	-4.310344827586206	0
47	6.724137931034484	-4.310344827586206	0
48	7.413793103448278	-4.310344827586206	0
49	8.10344827586207	-4.310344827586206	0
50	8.793103448275863	-4.310344827586206	0
51	9.482758620689657	-4.310344827586206	0
52	10.172413793103448	-4.310344827586206	0
53	10.862068965517242	-4.310344827586206	0
54	11.551724137931036	-4.310344827586206	0
55	12.24137931034483	-4.310344827586206	0
56	12.931034482758623	-4.310344827586206	0
57	13.620689655172416	-4.310344827586206	0
58	14.310344827586206	-4.310344827586206	0
59	15.0	-4.310344827586206	0
60	-5.0	-3.6206896551724137	0
61	-4.310344827586206	-3.6206896551724137	0
62	-3.6206896551724137	-3.6206896551724137	0
63	-2.9310344827586206	-3.6206896551724137	0
64	-2.2413793103448274	-3.6206896551724137	0
65	-1.5517241379310343	-3.6206896551724137	0
66	-0.8620689655172411	-3.6206896551724137	0
67	-0.1724137931034484	-3.6206896551724137	0
68	0.5172413793103452	-3.6206896551724137	0
69	1.2068965517241388	-3.6206896551724137	0
70	1.8965517241379315	-3.6206896551724137	0
71	2.586206896551724	-3.6206896551724137	0
72	3.275862068965518	-3.6206896551724137	0
73	3.9655172413793114	-3.6206896551724137	0
74	4.655172413793103	-3.6206896551724137	0
75	5.344827586206897	-3.6206896551724137	0
76	6.03448275862069	-3.6206896551724137	0
77	6.724137931034484	-3.6206896551724137	0
78	7.413793103448278	-3.6206896551724137	0
79	8.10344827586207	-3.6206896551724137	0
80	8.793103448275863	-3.6206896551724137	0
81	9.482758620689657	-3.6206896551724137	0
82	10.172413793103448	-3.6206896551724137	0
83	10.862068965517242	-3.6206896551724137	0
84	11.551724137931036	-3.6206896551724137	0
85	12.24137931034483	-3.6206896551724137	0
86	12.931034482758623	-3.6206896551724137	0
87	13.620689655172416	-3.6206896551724137	0
88	14.310344827586206	-3.6206896551724137	0
89	15.0	-3.6206896551724137	0
90	-5.0	-2.9310344827586206	0
91	-4.310344827586206	-2.9310344827586206	0
92	-3.6206896551724137	-2.9310344827586206	0
93	-2.9310344827586206	-2.9310344827586206	0
94	-2.2413793103448274	-2.9310344827586206	0
95	-1.5517241379310343	-2.9310344827586206	0
96	-0.8620689655172411	-2.9310344827586206	0
97	-0.1724137931034484	-2.9310344827586206	0
98	0.5172413793103452	-2.9310344827586206	0
99	1.2068965517241388	-2.9310344827586206	0
100	1.8965517241379315	-2.9310344827586206	0
101	2.586206896551724	-2.9310344827586206	0
102	3.275862068965518	-2.9310344827586206	0
103	3.9655172413793114	-2.9310344827586206	0
104	4.655172413793103	-2.9310344827586206	0
105	5.344827586206897	-2.9310344827586206	0
106	6.03448275862069	-2.9310344827586206	0
107	6.724137931034484	-2.9310344827586206	0
108	7.413793103448278	-2.9310344827586206	0
109	8.10344827586207	-2.9310344827586206	0
110	8.793103448275863	-2.9310344827586206	0
111	9.482758620689657	-2.9310344827586206	0
112	10.172413793103448	-2.9310344827586206	0
113	10.862068965517242	-2.9310344827586206	0
114	11.551724137931036	-2.9310344827586206	0
115	12.24137931034483	-2.9310344827586206	0
116	12.931034482758623	-2.9310344827586206	0
117	13.620689655172416	-2.9310344827586206	0
118	14.310344827586206	-2.9310344827586206	0
119	15.0	-2.9310344827586206	0
120	-5.0	-2.2413793103448274	0
121	-4.310344827586206	-2.2413793103448274	0
122	-3.6206896551724137	-2.2413793103448274	0
123	-2.9310344827586206	-2.2413793103448274	0
124	-2.2413793103448274	-2.2413793103448274	0
125	-1.5517241379310343	-2.2413793103448274	0
126	-0.8620689655172411	-2.2413793103448274	0
127	-0.1724137931034484	-2.2413793103448274	0
128	0.5172413793103452	-2.2413793103448274	0
129	1.2068965517241388	-2.2413793103448274	0
130	1.8965517241379315	-2.2413793103448274	0
131	2.586206896551724	-2.2413793103448274	0
132	3.275862068965518	-2.2413793103448274	0
133	3.9655172413793114	-2.2413793103448274	0
134	4.655172413793103	-2.2413793103448274	0
135	5.344827586206897	-2.2413793103448274	0
136	6.03448275862069	-2.2413793103448274	0
137	6.724137931034484	-2.2413793103448274	0
138	7.413793103448278	-2.2413793103448274	0
139	8.10344827586207	-2.2413793103448274	0
140	8.793103448275863	-2.2413793103448274	0
141	9.482758620689657	-2.2413793103448274	0
142	10.172413793103448	-2.2413793103448274	0
143	10.862068965517242	-2.2413793103448274	0
144	11.551724137931036	-2.2413793103448274	0
145	12.24137931034483	-2.2413793103448274	0
146	12.931034482758623	-2.2413793103448274	0
147	13.620689655172416	-2.2413793103448274	0
148	14.310344827586206	-2.2413793103448274	0
149	15.0	-2.2413793103448274	0
150	-5.0	-1.5517241379310343	0
151	-4.310344827586206	-1.5517241379310343	0
152	-3.6206896551724137	-1.5517241379310343	0
153	-2.9310344827586206	-1.5517241379310343	0
154	-2.2413793103448274	-1.5517241379310343	0
155	-1.5517241379310343	-1.5517241379310343	0
156	-0.8620689655172411	-1.5517241379310343	0
157	-0.1724137931034484	-1.5517241379310343	0
158	0.5172413793103452	-1.5517241379310343	0
159	1.2068965517241388	-1.5517241379310343	0
160	1.8965517241379315	-1.5517241379310343	0
161	2.586206896551724	-1.5517241379310343	0
162	3.275862068965518	-1.5517241379310343	0
163	3.9655172413793114	-1.5517241379310343	0
164	4.655172413793103	-1.5517241379310343	0
165	5.344827586206897	-1.5517241379310343	0
166	6.03448275862069	-1.5517241379310343	0
167	6.724137931034484	-1.5517241379310343	0
168	7.413793103448278	-1.5517241379310343	0
169	8.10344827586207	-1.5517241379310343	0
170	8.793103448275863	-1.5517241379310343	0
171	9.482758620689657	-1.5517241379310343	0
172	10.172413793103448	-1.5517241379310343	0
173	10.862068965517242	-1.5517241379310343	0
174	11.551724137931036	-1.5517241379310343	0
175	12.24137931034483	-1.5517241379310343	0
176	12.931034482758623	-1.5517241379310343	0
177	13.620689655172416	-1.5517241379310343	0
178	14.310344827586206	-1.5517241379310343	0
179	15.0	-1.5517241379310343	0
180	-5.0	-0.8620689655172411	0
181	-4.310344827586206	-0.8620689655172411	0
182	-3.6206896551724137	-0.8620689655172411	0
183	-2.9310344827586206	-0.8620689655172411	0
184	-2.2413793103448274	-0.8620689655172411	0
185	-1.5517241379310343	-0.8620689655172411	0
186	-0.8620689655172411	-0.8620689655172411	0
187	-0.1724137931034484	-0.8620689655172411	0
188	0.5172413793103452	-0.8620689655172411	0
189	1.2068965517241388	-0.8620689655172411	0
190	1.8965517241379315	-0.8620689655172411	0
191	2.586206896551724	-0.8620689655172411	0
192	3.275862068965518	-0.8620689655172411	0
193	3.9655172413793114	-0.8620689655172411	0
194	4.655172413793103	-0.8620689655172411	0
195	5.344827586206897	-0.8620689655172411	0
196	6.03448275862069	-0.8620689655172411	0
197	6.724137931034484	-0.8620689655172411	0
198	7.413793103448278	-0.8620689655172411	0
199	8.10344827586207	-0.8620689655172411	0
200	8.793103448275863	-0.8620689655172411	0
201	9.482758620689657	-0.8620689655172411	0
202	10.172413793103448	-0.8620689655172411	0
203	10.862068965517242	-0.8620689655172411	0
204	11.551724137931036	-0.8620689655172411	0
205	12.24137931034483	-0.8620689655172411	0
206	12.931034482758623	-0.8620689655172411	0
207	13.620689655172416	-0.8620689655172411	0
208	14.310344827586206	-0.8620689655172411	0
209	15.0	-0.8620689655172411	0
210	-5.0	-0.1724137931034484	0
211	-4.310344827586206	-0.1724137931034484	0
212	-3.6206896551724137	-0.1724137931034484	0
213	-2.9310344827586206	-0.1724137931034484	0
214	-2.2413793103448274	-0.1724137931034484	0
215	-1.5517241379310343	-0.1724137931034484	0
216	-0.8620689655172411	-0.1724137931034484	0
217	-0.1724137931034484	-0.1724137931034484	0
218	0.5172413793103452	-0.1724137931034484	0
219	1.2068965517241388	-0.1724137931034484	0
220	1.8965517241379315	-0.1724137931034484	0
221	2.586206896551724	-0.1724137931034484	0
222	3.275862068965518	-0.1724137931034484	0
223	3.9655172413793114	-0.1724137931034484	0
224	4.655172413793103	-0.1724137931034484	0
225	5.344827586206897	-0.1724137931034484	0
226	6.03448275862069	-0.1724137931034484	0
227	6.724137931034484	-0.1724137931034484	0
228	7.413793103448278	-0.1724137931034484	0
229	8.10344827586207	-0.1724137931034484	0
230	8.793103448275863	-0.1724137931034484	0
231	9.482758620689657	-0.1724137931034484	0
232	10.172413793103448	-0.1724137931034484	0
233	10.862068965517242	-0.1724137931034484	0
234	11.551724137931036	-0.1724137931034484	0
235	12.24137931034483	-0.1724137931034484	0
236	12.931034482758623	-0.1724137931034484	0
237	13.620689655172416	-0.1724137931034484	0
238	14.310344827586206	-0.1724137931034484	0
239	15.0	-0.1724137931034484	0
240	-5.0	0.5172413793103452	0
241	-4.310344827586206	0.5172413793103452	0
242	-3.6206896551724137	0.5172413793103452	0
243	-2.9310344827586206	0.5172413793103452	0
244	-2.2413793103448274	0.5172413793103452	0
245	-1.5517241379310343	0.5172413793103452	0
246	-0.8620689655172411	0.5172413793103452	0
247	-0.1724137931034484	0.5172413793103452	0
248	0.5172413793103452	0.5172413793103452	0
249	1.2068965517241388	0.5172413793103452	0
250	1.8965517241379315	0.5172413793103452	0
251	2.586206896551724	0.5172413793103452	0
252	3.275862068965518	0.5172413793103452	0
253	3.9655172413793114	0.5172413793103452	0
254	4.655172413793103	0.5172413793103452	0
255	5.344827586206897	0.5172413793103452	0
256	6.03448275862069	0.5172413793103452	0
257	6.724137931034484	0.5172413793103452	0
258	7.413793103448278	0.5172413793103452	0
259	8.10344827586207	0.5172413793103452	0
260	8.793103448275863	0.5172413793103452	0
261	9.482758620689657	0.5172413793103452	0
262	10.172413793103448	0.5172413793103452	0
263	10.862068965517242	0.5172413793103452	0
264	11.551724137931036	0.5172413793103452	0
265	12.24137931034483	0.5172413793103452	0
266	12.931034482758623	0.5172413793103452	0
267	13.620689655172416	0.5172413793103452	0
268	14.310344827586206	0.5172413793103452	0
269	15.0	0.5172413793103452	0
270	-5.0	1.2068965517241388	0
271	-4.310344827586206	1.2068965517241388	0
272	-3.6206896551724137	1.2068965517241388	0
273	-2.9310344827586206	1.2068965517241388	0
274	-2.2413793103448274	1.2068965517241388	0
275	-1.5517241379310343	1.2068965517241388	0
276	-0.8620689655172411	1.2068965517241388	0
277	-0.1724137931034484	1.2068965517241388	0
278	0.5172413793103452	1.2068965517241388	0
279	1.2068965517241388	1.2068965517241388	0
280	1.8965517241379315	1.2068965517241388	0
281	2.586206896551724	1.2068965517241388	0
282	3.275862068965518	1.2068965517241388	0
283	3.9655172413793114	1.2068965517241388	0
284	4.655172413793103	1.2068965517241388	0
285	5.344827586206897	1.2068965517241388	0
286	6.03448275862069	1.2068965517241388	0
287	6.724137931034484	1.2068965517241388	0
288	7.413793103448278	1.2068965517241388	0
289	8.10344827586207	1.2068965517241388	0
290	8.793103448275863	1.2068965517241388	0
291	9.482758620689657	1.2068965517241388	0
292	10.172413793103448	1.2068965517241388	0
293	10.862068965517242	1.2068965517241388	0
294	11.551724137931036	1.2068965517241388	0
295	12.24137931034483	1.2068965517241388	0
296	12.931034482758623	1.2068965517241388	0
297	13.620689655172416	1.2068965517241388	0
298	14.310344827586206	1.2068965517241388	0
299	15.0	1.2068965517241388	0
300	-5.0	1.8965517241379315	0
301	-4.310344827586206	1.8965517241379315	0
302	-3.6206896551724137	1.8965517241379315	0
303	-2.9310344827586206	1.8965517241379315	0
304	-2.2413793103448274	1.8965517241379315	0
305	-1.5517241379310343	1.8965517241379315	0
306	-0.8620689655172411	1.8965517241379315	0
307	-0.1724137931034484	1.8965517241379315	0
308	0.5172413793103452	1.8965517241379315	0
309	1.2068965517241388	1.8965517241379315	0
310	1.8965517241379315	1.8965517241379315	0
311	2.586206896551724	1.8965517241379315	0
312	3.275862068965518	1.8965517241379315	0
313	3.9655172413793114	1.8965517241379315	0
314	4.655172413793103	1.8965517241379315	0
315	5.344827586206897	1.8965517241379315	0
316	6.03448275862069	1.8965517241379315	0
317	6.724137931034484	1.8965517241379315	0
318	7.413793103448278	1.8965517241379315	0
319	8.10344827586207	1.8965517241379315	0
320	8.793103448275863	1.8965517241379315	0
321	9.482758620689657	1.8965517241379315	0
322	10.172413793103448	1.8965517241379315	0
323	10.862068965517242	1.8965517241379315	0
324	11.551724137931036	1.8965517241379315	0
325	12.24137931034483	1.8965517241379315	0
326	12.931034482758623	1.8965517241379315	0
327	13.620689655172416	1.8965517241379315	0
328	14.310344827586206	1.8965517241379315	0
329	15.0	1.8965517241379315	0
330	-5.0	2.586206896551724	0
331	-4.310344827586206	2.586206896551724	0
332	-3.6206896551724137	2.586206896551724	0
333	-2.9310344827586206	2.586206896551724	0
334	-2.2413793103448274	2.586206896551724	0
335	-1.5517241379310343	2.586206896551724	0
336	-0.8620689655172411	2.586206896551724	0
337	-0.1724137931034484	2.586206896551724	0
338	0.5172413793103452	2.586206896551724	0
339	1.2068965517241388	2.586206896551724	0
340	1.8965517241379315	2.586206896551724	0
341	2.586206896551724	2.586206896551724	0
342	3.275862068965518	2.586206896551724	0
343	3.9655172413793114	2.586206896551724	0
344	4.655172413793103	2.586206896551724	0
345	5.344827586206897	2.586206896551724	0
346	6.03448275862069	2.586206896551724	0
347	6.724137931034484	2.586206896551724	0
348	7.413793103448278	2.586206896551724	0
349	8.10344827586207	2.586206896551724	0
350	8.793103448275863	2.586206896551724	0
351	9.482758620689657	2.586206896551724	0
352	10.172413793103448	2.586206896551724	0
353	10.862068965517242	2.586206896551724	0
354	11.551724137931036	2.586206896551724	0
355	12.24137931034483	2.586206896551724	0
356	12.931034482758623	2.586206896551724	0
357	13.620689655172416	2.586206896551724	0
358	14.310344827586206	2.586206896551724	0
359	15.0	2.586206896551724	0
360	-5.0	3.275862068965518	0
361	-4.310344827586206	3.275862068965518	0
362	-3.6206896551724137	3.275862068965518	0
363	-2.9310344827586206	3.275862068965518	0
364	-2.2413793103448274	3.275862068965518	0
365	-1.5517241379310343	3.275862068965518	0
366	-0.8620689655172411	3.275862068965518	0
367	-0.1724137931034484	3.275862068965518	0
368	0.5172413793103452	3.275862068965518	0
369	1.2068965517241388	3.275862068965518	0
370	1.8965517241379315	3.275862068965518	0
371	2.586206896551724	3.275862068965518	0
372	3.275862068965518	3.275862068965518	0
373	3.9655172413793114	3.275862068965518	0
374	4.655172413793103	3.275862068965518	0
375	5.344827586206897	3.275862068965518	0
376	6.03448275862069	3.275862068965518	0
377	6.724137931034484	3.275862068965518	0
378	7.413793103448278	3.275862068965518	0
379	8.10344827586207	3.275862068965518	0
380	8.793103448275863	3.275862068965518	0
381	9.482758620689657	3.275862068965518	0
382	10.172413793103448	3.275862068965518	0
383	10.862068965517242	3.275862068965518	0
384	11.551724137931036	3.275862068965518	0
385	12.24137931034483	3.275862068965518	0
386	12.931034482758623	3.275862068965518	0
387	13.620689655172416	3.275862068965518	0
388	14.310344827586206	3.275862068965518	0
389	15.0	3.275862068965518	0
390	-5.0	3.9655172413793114	0
391	-4.310344827586206	3.9655172413793114	0
392	-3.6206896551724137	3.9655172413793114	0
393	-2.9310344827586206	3.9655172413793114	0
394	-2.2413793103448274	3.9655172413793114	0
395	-1.5517241379310343	3.9655172413793114	0
396	-0.8620689655172411	3.9655172413793114	0
397	-0.1724137931034484	3.9655172413793114	0
398	0.5172413793103452	3.9655172413793114	0
399	1.2068965517241388	3.9655172413793114	0
400	1.8965517241379315	3.9655172413793114	0
401	2.586206896551724	3.9655172413793114	0
402	3.275862068965518	3.9655172413793114	0
403	3.9655172413793114	3.9655172413793114	0
404	4.655172413793103	3.9655172413793114	0
405	5.344827586206897	3.9655172413793114	0
406	6.03448275862069	3.9655172413793114	0
407	6.724137931034484	3.9655172413793114	0
408	7.413793103448278	3.9655172413793114	0
409	8.10344827586207	3.9655172413793114	0
410	8.793103448275863	3.9655172413793114	0
411	9.482758620689657	3.9655172413793114	0
412	10.172413793103448	3.9655172413793114	0
413	10.862068965517242	3.9655172413793114	0
414	11.551724137931036	3.9655172413793114	0
415	12.24137931034483	3.9655172413793114	0
416	12.931034482758623	3.9655172413793114	0
417	13.620689655172416	3.9655172413793114	0
418	14.310344827586206	3.9655172413793114	0
419	15.0	3.9655172413793114	0
420	-5.0	4.655172413793103	0
421	-4.310344827586206	4.655172413793103	0
422	-3.6206896551724137	4.655172413793103	0
423	-2.9310344827586206	4.655172413793103	0
424	-2.2413793103448274	4.655172413793103	0
425	-1.5517241379310343	4.655172413793103	0
426	-0.8620689655172411	4.655172413793103	0
427	-0.1724137931034484	4.655172413793103	0
428	0.5172413793103452	4.655172413793103	0
429	1.2068965517241388	4.655172413793103	0
430	1.8965517241379315	4.655172413793103	0
431	2.586206896551724	4.655172413793103	0
432	3.275862068965518	4.655172413793103	0
433	3.9655172413793114	4.655172413793103	0
434	4.655172413793103	4.655172413793103	0
435	5.344827586206897	4.655172413793103	0
436	6.03448275862069	4.655172413793103	0
437	6.724137931034484	4.655172413793103	0
438	7.413793103448278	4.655172413793103	0
439	8.10344827586207	4.655172413793103	0
440	8.793103448275863	4.655172413793103	0
441	9.482758620689657	4.655172413793103	0
442	10.172413793103448	4.655172413793103	0
443	10.862068965517242	4.655172413793103	0
444	11.551724137931036	4.655172413793103	0
445	12.24137931034483	4.655172413793103	0
446	12.931034482758623	4.655172413793103	0
447	13.620689655172416	4.655172413793103	0
448	14.310344827586206	4.655172413793103	0
449	15.0	4.655172413793103	0
450	-5.0	5.344827586206897	0
451	-4.310344827586206	5.344827586206897	0
452	-3.6206896551724137	5.344827586206897	0
453	-2.9310344827586206	5.344827586206897	0
454	-2.2413793103448274	5.344827586206897	0
455	-1.5517241379310343	5.344827586206897	0
456	-0.8620689655172411	5.344827586206897	0
457	-0.1724137931034484	5.344827586206897	0
458	0.5172413793103452	5.344827586206897	0
459	1.2068965517241388	5.344827586206897	0
460	1.8965517241379315	5.344827586206897	0
461	2.586206896551724	5.344827586206897	0
462	3.275862068965518	5.344827586206897	0
463	3.9655172413793114	5.344827586206897	0
464	4.655172413793103	5.344827586206897	0
465	5.344827586206897	5.344827586206897	0
466	6.03448275862069	5.344827586206897	0
467	6.724137931034484	5.344827586206897	0
468	7.413793103448278	5.344827586206897	0
469	8.10344827586207	5.344827586206897	0
470	8.793103448275863	5.344827586206897	0
471	9.482758620689657	5.344827586206897	0
472	10.172413793103448	5.344827586206897	0
473	10.862068965517242	5.344827586206897	0
474	11.551724137931036	5.344827586206897	0
475	12.24137931034483	5.344827586206897	0
476	12.931034482758623	5.344827586206897	0
477	13.620689655172416	5.344827586206897	0
478	14.310344827586206	5.344827586206897	0
479	15.0	5.344827586206897	0
480	-5.0	6.03448275862069	0
481	-4.310344827586206	6.03448275862069	0
482	-3.6206896551724137	6.03448275862069	0
483	-2.9310344827586206	6.03448275862069	0
484	-2.2413793103448274	6.03448275862069	0
485	-1.5517241379310343	6.03448275862069	0
486	-0.8620689655172411	6.03448275862069	0
487	-0.1724137931034484	6.03448275862069	0
488	0.5172413793103452	6.03448275862069	0
489	1.2068965517241388	6.03448275862069	0
490	1.8965517241379315	6.03448275862069	0
491	2.586206896551724	6.03448275862069	0
492	3.275862068965518	6.03448275862069	0
493	3.9655172413793114	6.03448275862069	0
494	4.655172413793103	6.03448275862069	0
495	5.344827586206897	6.03448275862069	0
496	6.03448275862069	6.03448275862069	0
497	6.724137931034484	6.03448275862069	0
498	7.413793103448278	6.03448275862069	0
499	8.10344827586207	6.03448275862069	0
500	8.793103448275863	6.03448275862069	0
501	9.482758620689657	6.03448275862069	0
502	10.172413793103448	6.03448275862069	0
503	10.862068965517242	6.03448275862069	0
504	11.551724137931036	6.03448275862069	0
505	12.24137931034483	6.03448275862069	0
506	12.931034482758623	6.03448275862069	0
507	13.620689655172416	6.03448275862069	0
508	14.310344827586206	6.03448275862069	0
509	15.0	6.03448275862069	0
510	-5.0	6.724137931034484	0
511	-4.310344827586206	6.724137931034484	0
512	-3.6206896551724137	6.724137931034484	0
513	-2.9310344827586206	6.724137931034484	0
514	-2.2413793103448274	6.724137931034484	0
515	-1.5517241379310343	6.724137931034484	0
516	-0.8620689655172411	6.724137931034484	0
517	-0.1724137931034484	6.724137931034484	0
518	0.5172413793103452	6.724137931034484	0
519	1.2068965517241388	6.724137931034484	0
520	1.8965517241379315	6.724137931034484	0
521	2.586206896551724	6.724137931034484	0
522	3.275862068965518	6.724137931034484	0
523	3.9655172413793114	6.724137931034484	0
524	4.655172413793103	6.724137931034484	0
525	5.344827586206897	6.724137931034484	0
526	6.03448275862069	6.724137931034484	0
527	6.724137931034484	6.724137931034484	0
528	7.413793103448278	6.724137931034484	0
529	8.10344827586207	6.724137931034484	0
530	8.793103448275863	6.724137931034484	0
531	9.482758620689657	6.724137931034484	0
532	10.172413793103448	6.724137931034484	0
533	10.862068965517242	6.724137931034484	0
534	11.551724137931036	6.724137931034484	0
535	12.24137931034483	6.724137931034484	0
536	12.931034482758623	6.724137931034484	0
537	13.620689655172416	6.724137931034484	0
538	14.310344827586206	6.724137931034484	0
539	15.0	6.724137931034484	0
540	-5.0	7.413793103448278	0
541	-4.310344827586206	7.413793103448278	0
542	-3.6206896551724137	7.413793103448278	0
543	-2.9310344827586206	7.413793103448278	0
544	-2.2413793103448274	7.413793103448278	0
545	-1.5517241379310343	7.413793103448278	0
546	-0.8620689655172411	7.413793103448278	0
547	-0.1724137931034484	7.413793103448278	0
548	0.5172413793103452	7.413793103448278	0
549	1.2068965517241388	7.413793103448278	0
550	1.8965517241379315	7.413793103448278	0
551	2.586206896551724	7.413793103448278	0
552	3.275862068965518	7.413793103448278	0
553	3.9655172413793114	7.413793103448278	0
554	4.655172413793103	7.413793103448278	0
555	5.344827586206897	7.413793103448278	0
556	6.03448275862069	7.413793103448278	0
557	6.724137931034484	7.413793103448278	0
558	7.413793103448278	7.413793103448278	0
559	8.10344827586207	7.413793103448278	0
560	8.793103448275863	7.413793103448278	0
561	9.482758620689657	7.413793103448278	0
562	10.172413793103448	7.413793103448278	0
563	10.862068965517242	7.413793103448278	0
564	11.551724137931036	7.413793103448278	0
565	12.24137931034483	7.413793103448278	0
566	12.931034482758623	7.413793103448278	0
567	13.620689655172416	7.413793103448278	0
568	14.310344827586206	7.413793103448278	0
569	15.0	7.413793103448278	0
570	-5.0	8.10344827586207	0
571	-4.310344827586206	8.10344827586207	0
572	-3.6206896551724137	8.10344827586207	0
573	-2.9310344827586206	8.10344827586207	0
574	-2.2413793103448274	8.10344827586207	0
575	-1.5517241379310343	8.10344827586207	0
576	-0.8620689655172411	8.10344827586207	0
577	-0.1724137931034484	8.10344827586207	0
578	0.5172413793103452	8.10344827586207	0
579	1.2068965517241388	8.10344827586207	0
580	1.8965517241379315	8.10344827586207	0
581	2.586206896551724	8.10344827586207	0
582	3.275862068965518	8.10344827586207	0
583	3.9655172413793114	8.10344827586207	0
584	4.655172413793103	8.10344827586207	0
585	5.344827586206897	8.10344827586207	0
586	6.03448275862069	8.10344827586207	0
587	6.724137931034484	8.10344827586207	0
588	7.413793103448278	8.10344827586207	0
589	8.10344827586207	8.10344827586207	0
590	8.793103448275863	8.10344827586207	0
591	9.482758620689657	8.10344827586207	0
592	10.172413793103448	8.10344827586207	0
593	10.862068965517242	8.10344827586207	0
594	11.551724137931036	8.10344827586207	0
595	12.24137931034483	8.10344827586207	0
596	12.931034482758623	8.10344827586207	0
597	13.620689655172416	8.10344827586207	0
598	14.310344827586206	8.10344827586207	0
599	15.0	8.10344827586207	0
600	-5.0	8.793103448275863	0
601	-4.310344827586206	8.793103448275863	0
602	-3.6206896551724137	8.793103448275863	0
603	-2.9310344827586206	8.793103448275863	0
604	-2.2413793103448274	8.793103448275863	0
605	-1.5517241379310343	8.793103448275863	0
606	-0.8620689655172411	8.793103448275863	0
607	-0.1724137931034484	8.793103448275863	0
608	0.5172413793103452	8.793103448275863	0
609	1.2068965517241388	8.793103448275863	0
610	1.8965517241379315	8.793103448275863	0
611	2.586206896551724	8.793103448275863	0
612	3.275862068965518	8.793103448275863	0
613	3.9655172413793114	8.793103448275863	0
614	4.655172413793103	8.793103448275863	0
615	5.344827586206897	8.793103448275863	0
616	6.03448275862069	8.793103448275863	0
617	6.724137931034484	8.793103448275863	0
618	7.413793103448278	8.793103448275863	0
619	8.10344827586207	8.793103448275863	0
620	8.793103448275863	8.793103448275863	0
621	9.482758620689657	8.793103448275863	0
622	10.172413793103448	8.793103448275863	0
623	10.862068965517242	8.793103448275863	0
624	11.551724137931036	8.793103448275863	0
625	12.24137931034483	8.793103448275863	0
626	12.931034482758623	8.793103448275863	0
627	13.620689655172416	8.793103448275863	0
628	14.310344827586206	8.793103448275863	0
629	15.0	8.793103448275863	0
630	-5.0	9.482758620689657	0
631	-4.310344827586206	9.482758620689657	0
632	-3.6206896551724137	9.482758620689657	0
633	-2.9310344827586206	9.482758620689657	0
634	-2.2413793103448274	9.482758620689657	0
635	-1.5517241379310343	9.482758620689657	0
636	-0.8620689655172411	9.482758620689657	0
637	-0.1724137931034484	9.482758620689657	0
638	0.5172413793103452	9.482758620689657	0
639	1.2068965517241388	9.482758620689657	0
640	1.8965517241379315	9.482758620689657	0
641	2.586206896551724	9.482758620689657	0
642	3.275862068965518	9.482758620689657	0
643	3.9655172413793114	9.482758620689657	0
644	4.655172413793103	9.482758620689657	0
645	5.344827586206897	9.482758620689657	0
646	6.03448275862069	9.482758620689657	0
647	6.724137931034484	9.482758620689657	0
648	7.413793103448278	9.482758620689657	0
649	8.10344827586207	9.482758620689657	0
650	8.793103448275863	9.482758620689657	0
651	9.482758620689657	9.482758620689657	0
652	10.172413793103448	9.482758620689657	0
653	10.862068965517242	9.482758620689657	0
654	11.551724137931036	9.482758620689657	0
655	12.24137931034483	9.482758620689657	0
656	12.931034482758623	9.482758620689657	0
657	13.620689655172416	9.482758620689657	0
658	14.310344827586206	9.482758620689657	0
659	15.0	9.482758620689657	0
660	-5.0	10.172413793103448	0
661	-4.310344827586206	10.172413793103448	0
662	-3.6206896551724137	10.172413793103448	0
663	-2.9310344827586206	10.172413793103448	0
664	-2.2413793103448274	10.172413793103448	0
665	-1.5517241379310343	10.172413793103448	0
666	-0.8620689655172411	10.172413793103448	0
667	-0.1724137931034484	10.172413793103448	0
668	0.5172413793103452	10.172413793103448	0
669	1.2068965517241388	10.172413793103448	0
670	1.8965517241379315	10.172413793103448	0
671	2.586206896551724	10.172413793103448	0
672	3.275862068965518	10.172413793103448	0
673	3.9655172413793114	10.172413793103448	0
674	4.655172413793103	10.172413793103448	0
675	5.344827586206897	10.172413793103448	0
676	6.03448275862069	10.172413793103448	0
677	6.724137931034484	10.172413793103448	0
678	7.413793103448278	10.172413793103448	0
679	8.10344827586207	10.172413793103448	0
680	8.793103448275863	10.172413793103448	0
681	9.482758620689657	10.172413793103448	0
682	10.172413793103448	10.172413793103448	0
683	10.862068965517242	10.172413793103448	0
684	11.551724137931036	10.172413793103448	0
685	12.24137931034483	10.172413793103448	0
686	12.931034482758623	10.172413793103448	0
687	13.620689655172416	10.172413793103448	0
688	14.310344827586206	10.172413793103448	0
689	15.0	10.172413793103448	0
690	-5.0	10.862068965517242	0
691	-4.310344827586206	10.862068965517242	0
692	-3.6206896551724137	10.862068965517242	0
693	-2.9310344827586206	10.862068965517242	0
694	-2.2413793103448274	10.862068965517242	0
695	-1.5517241379310343	10.862068965517242	0
696	-0.8620689655172411	10.862068965517242	0
697	-0.1724137931034484	10.862068965517242	0
698	0.5172413793103452	10.862068965517242	0
699	1.2068965517241388	10.862068965517242	0
700	1.8965517241379315	10.862068965517242	0
701	2.586206896551724	10.862068965517242	0
702	3.275862068965518	10.862068965517242	0
703	3.9655172413793114	10.862068965517242	0
704	4.655172413793103	10.862068965517242	0
705	5.344827586206897	10.862068965517242	0
706	6.03448275862069	10.862068965517242	0
707	6.724137931034484	10.862068965517242	0
708	7.413793103448278	10.862068965517242	0
709	8.10344827586207	10.862068965517242	0
710	8.793103448275863	10.862068965517242	0
711	9.482758620689657	10.862068965517242	0
712	10.172413793103448	10.862068965517242	0
713	10.862068965517242	10.862068965517242	0
714	11.551724137931036	10.862068965517242	0
715	12.24137931034483	10.862068965517242	0
716	12.931034482758623	10.862068965517242	0
717	13.620689655172416	10.862068965517242	0
718	14.310344827586206	10.862068965517242	0
719	15.0	10.862068965517242	0
720	-5.0	11.551724137931036	0
721	-4.310344827586206	11.551724137931036	0
722	-3.6206896551724137	11.551724137931036	0
723	-2.9310344827586206	11.551724137931036	0
724	-2.2413793103448274	11.551724137931036	0
725	-1.5517241379310343	11.551724137931036	0
726	-0.8620689655172411	11.551724137931036	0
727	-0.1724137931034484	11.551724137931036	0
728	0.5172413793103452	11.551724137931036	0
729	1.2068965517241388	11.551724137931036	0
730	1.8965517241379315	11.551724137931036	0
731	2.586206896551724	11.551724137931036	0
732	3.275862068965518	11.551724137931036	0
733	3.9655172413793114	11.551724137931036	0
734	4.655172413793103	11.551724137931036	0
735	5.344827586206897	11.551724137931036	0
736	6.03448275862069	11.551724137931036	0
737	6.724137931034484	11.551724137931036	0
738	7.413793103448278	11.551724137931036	0
739	8.10344827586207	11.551724137931036	0
740	8.793103448275863	11.551724137931036	0
741	9.482758620689657	11.551724137931036	0
742	10.172413793103448	11.551724137931036	0
743	10.862068965517242	11.551724137931036	0
744	11.551724137931036	11.551724137931036	0
745	12.24137931034483	11.551724137931036	0
746	12.931034482758623	11.551724137931036	0
747	13.620689655172416	11.551724137931036	0
748	14.310344827586206	11.551724137931036	0
749	15.0	11.551724137931036	0
750	-5.0	12.24137931034483	0
751	-4.310344827586206	12.24137931034483	0
752	-3.6206896551724137	12.24137931034483	0
753	-2.9310344827586206	12.24137931034483	0
754	-2.2413793103448274	12.24137931034483	0
755	-1.5517241379310343	12.24137931034483	0
756	-0.8620689655172411	12.24137931034483	0
757	-0.1724137931034484	12.24137931034483	0
758	0.5172413793103452	12.24137931034483	0
759	1.2068965517241388	12.24137931034483	0
760	1.8965517241379315	12.24137931034483	0
761	2.586206896551724	12.24137931034483	0
762	3.275862068965518	12.24137931034483	0
763	3.9655172413793114	12.24137931034483	0
764	4.655172413793103	12.24137931034483	0
765	5.344827586206897	12.24137931034483	0
766	6.03448275862069	12.24137931034483	0
767	6.724137931034484	12.24137931034483	0
768	7.413793103448278	12.24137931034483	0
769	8.10344827586207	12.24137931034483	0
770	8.793103448275863	12.24137931034483	0
771	9.482758620689657	12.24137931034483	0
772	10.172413793103448	12.24137931034483	0
773	10.862068965517242	12.24137931034483	0
774	11.551724137931036	12.24137931034483	0
775	12.24137931034483	12.24137931034483	0
776	12.931034482758623	12.24137931034483	0
777	13.620689655172416	12.24137931034483	0
778	14.310344827586206	12.24137931034483	0
779	15.0	12.24137931034483	0
780	-5.0	12.931034482758623	0
781	-4.310344827586206	12.931034482758623	0
782	-3.6206896551724137	12.931034482758623	0
783	-2.9310344827586206	12.931034482758623	0
784	-2.2413793103448274	12.931034482758623	0
785	-1.5517241379310343	12.931034482758623	0
786	-0.8620689655172411	12.931034482758623	0
787	-0.1724137931034484	12.931034482758623	0
788	0.5172413793103452	12.931034482758623	0
789	1.2068965517241388	12.931034482758623	0
790	1.8965517241379315	12.931034482758623	0
791	2.586206896551724	12.931034482758623	0
792	3.275862068965518	12.931034482758623	0
793	3.9655172413793114	12.931034482758623	0
794	4.655172413793103	12.931034482758623	0
795	5.344827586206897	12.931034482758623	0
796	6.03448275862069	12.931034482758623	0
797	6.724137931034484	12.931034482758623	0
798	7.413793103448278	12.931034482758623	0
799	8.10344827586207	12.931034482758623	0
800	8.793103448275863	12.931034482758623	0
801	9.482758620689657	12.931034482758623	0
802	10.172413793103448	12.931034482758623	0
803	10.862068965517242	12.931034482758623	0
804	11.551724137931036	12.931034482758623	0
805	12.24137931034483	12.931034482758623	0
806	12.931034482758623	12.931034482758623	0
807	13.620689655172416	12.931034482758623	0
808	14.310344827586206	12.931034482758623	0
809	15.0	12.931034482758623	0
810	-5.0	13.620689655172416	0
811	-4.310344827586206	13.620689655172416	0
812	-3.6206896551724137	13.620689655172416	0
813	-2.9310344827586206	13.620689655172416	0
814	-2.2413793103448274	13.620689655172416	0
815	-1.5517241379310343	13.620689655172416	0
816	-0.8620689655172411	13.620689655172416	0
817	-0.1724137931034484	13.620689655172416	0
818	0.5172413793103452	13.620689655172416	0
819	1.2068965517241388	13.620689655172416	0
820	1.8965517241379315	13.620689655172416	0
821	2.586206896551724	13.620689655172416	0
822	3.275862068965518	13.620689655172416	0
823	3.9655172413793114	13.620689655172416	0
824	4.655172413793103	13.620689655172416	0
825	5.344827586206897	13.620689655172416	0
826	6.03448275862069	13.620689655172416	0
827	6.724137931034484	13.620689655172416	0
828	7.413793103448278	13.620689655172416	0
829	8.10344827586207	13.620689655172416	0
830	8.793103448275863	13.620689655172416	0
831	9.482758620689657	13.620689655172416	0
832	10.172413793103448	13.620689655172416	0
833	10.862068965517242	13.620689655172416	0
834	11.551724137931036	13.620689655172416	0
835	12.24137931034483	13.620689655172416	0
836	12.931034482758623	13.620689655172416	0
837	13.620689655172416	13.620689655172416	0
838	14.310344827586206	13.620689655172416	0
839	15.0	13.620689655172416	0
840	-5.0	14.310344827586206	0
841	-4.310344827586206	14.310344827586206	0
842	-3.6206896551724137	14.310344827586206	0
843	-2.9310344827586206	14.310344827586206	0
844	-2.2413793103448274	14.310344827586206	0
845	-1.5517241379310343	14.310344827586206	0
846	-0.8620689655172411	14.310344827586206	0
847	-0.1724137931034484	14.310344827586206	0
848	0.5172413793103452	14.310344827586206	0
849	1.2068965517241388	14.310344827586206	0
850	1.8965517241379315	14.310344827586206	0
851	2.586206896551724	14.310344827586206	0
852	3.275862068965518	14.310344827586206	0
853	3.9655172413793114	14.310344827586206	0
854	4.655172413793103	14.310344827586206	0
855	5.344827586206897	14.310344827586206	0
856	6.03448275862069	14.310344827586206	0
857	6.724137931034484	14.310344827586206	0
858	7.413793103448278	14.310344827586206	0
859	8.10344827586207	14.310344827586206	0
860	8.793103448275863	14.310344827586206	0
861	9.482758620689657	14.310344827586206	0
862	10.172413793103448	14.310344827586206	0
863	10.862068965517242	14.310344827586206	0
864	11.551724137931036	14.310344827586206	0
865	12.24137931034483	14.310344827586206	0
866	12.931034482758623	14.310344827586206	0
867	13.620689655172416	14.310344827586206	0
868	14.310344827586206	14.310344827586206	0
869	15.0	14.310344827586206	0
870	-5.0	15.0	0
871	-4.310344827586206	15.0	0
872	-3.6206896551724137	15.0	0
873	-2.9310344827586206	15.0	0
874	-2.2413793103448274	15.0	0
875	-1.5517241379310343	15.0	0
876	-0.8620689655172411	15.0	0
877	-0.1724137931034484	15.0	0
878	0.5172413793103452	15.0	0
879	1.2068965517241388	15.0	0
880	1.8965517241379315	15.0	0
881	2.586206896551724	15.0	0
882	3.275862068965518	15.0	0
883	3.9655172413793114	15.0	0
884	4.655172413793103	15.0	0
885	5.344827586206897	15.0	0
886	6.03448275862069	15.0	0
887	6.724137931034484	15.0	0
888	7.413793103448278	15.0	0
889	8.10344827586207	15.0	0
890	8.793103448275863	15.0	0
891	9.482758620689657	15.0	0
892	10.172413793103448	15.0	0
893	10.862068965517242	15.0	0
894	11.551724137931036	15.0	0
895	12.24137931034483	15.0	0
896	12.931034482758623	15.0	0
897	13.620689655172416	15.0	0
898	14.310344827586206	15.0	0
899	15.0	15.0	0
